Cell_ID,ID,Firing_Pattern,Input_Resistance,Tau_Membrane,Threshold_Current,AP_Halfwidth,Max_DepolRate,Max_RepolRate,AP_Amplitude,Voltage_Threshold,RMP,Sag_90mV,Latency,Depol_Block,Spikes_200pA
05302025_S1C1,P2_TeNT,Tonic,0.6583,37.037,20,1.06475,101.686,-48.3161,41.4989,-44.5647,-66.0046,1.491,,1,18
05302025_S1C3,P2_TeNT,Tonic,0.6028,26.225,40,0.907434,174.353,-50.0456,47.7118,-46.0015,-70.3672,2.598177118,,1,25
05302025_S2C1,P2_TeNT,Tonic,0.6246,32.98,10,1.11364,87.8728,-49.3685,44.1228,-37.8829,-54.6793,3.780240291,,1,23
05302025_S1C2,P2_iMNTB,Tonic,0.3035,14.234,130,0.773045,160.497,-67.1611,49.3508,-45.1066,-73.3931,7.009386018,,1,12
05302025_S2C2,P2_iMNTB,Tonic,0.3882,17.202,60,0.861277,147.926,-64.5396,52.8704,-44.543,-74.5073,3.560316243,,1,25
12122022_S1C1,P4_TeNT,Tonic,0.3925,10.98,40,0.648458,271.399,-96.2018,59.5982,-46.5523,-66.67,5.885,5.79424,1,32
12292022_S2C1,P4_TeNT,Tonic,0.4778,16.18,20,0.762477,124.358,-75.8665,43.7366,-44.2685,-71.43,5.358,9.88414,1,27
12272023_S1C1,P4_TeNT,Tonic,0.4883,20.97,30,0.822825,111.062,-62.5703,39.7008,-35.0081,-61.56,10.267,7.54069,1,17
12272023_S1C3,P4_TeNT,Tonic,0.567,21.37,20,0.980918,140.818,-47.5152,40.7735,-45.8785,-72.24,6.002,10.1595,1,15
12272023_S2C1,P4_TeNT,Tonic,0.6585,21.64,30,0.630458,202.571,-91.509,47.8975,-45.0193,-77.62,0.185,18.8365,2,27
01012024_S1C2,P4_TeNT,Tonic,0.6273,25,30,0.612112,267.488,-90.7269,56.0942,-43.5489,-70.12,3.104,8.47375,1,34
01012024_S2C2,P4_TeNT,Tonic,0.5028,25.54,20,0.845012,183.8,-62.5703,48.7735,-38.95,-65.26,9.343,11.5537,1,27
01012024_S2C3,P4_TeNT,Tonic,0.4145,13.96,40,0.844223,163.465,-67.263,54.8116,-43.6428,-64.54,9.569,8.53043,2,26
01212024_S1C1,P4_TeNT,Tonic,0.3895,23.71,20,0.799131,205.7,-69.6094,56.9702,-39.169,-60.14,6.658,6.87286,1,22
01212024_S1C3,P4_TeNT,Tonic,0.6148,32.13,20,0.916378,146.258,-64.9166,48.273,-39.0751,-66.11,2.15,13.7989,1,26
01212024_S2C1,P4_TeNT,Tonic,0.6563,29.47,20,0.877169,141.565,-61.7881,43.3612,-35.2583,-64.2,8.365,12.699,1,29
01212024_S2C3,P4_TeNT,Tonic,0.4325,18.65,35,0.621975,249.499,-84.4699,52.5903,-43.2986,-73.12,3.736,21.8063,2,34
01212024_S2C5,P4_TeNT,Tonic,0.3925,15.21,60,0.559896,295.645,-99.3303,57.0641,-38.6684,-68.56,7.479,8.3998,1,33
04092024_S1C1,P4_TeNT,Tonic,0.4415,17.71,20,0.877256,187.66,-58.6085,50.5611,-48.0135,-69.53,3.588,28.7146,2,25
11042024_S1C1,P4_TeNT,Phasic,0.162,9.92,180,0.645179,220.56,-82.1235,48.6797,-42.0159,-73.36,7.81,6.30636,1,2
11042024_S1C3,P4_TeNT,Tonic,0.2838,13.9,90,0.825159,257.32,-68.8273,51.245,-29.189,-61.26,13.7,8.70471,2,26
11122024_S1C1,P4_TeNT,Tonic,0.316,17.33,50,1.05795,168.94,-44.5813,44.2059,-46.0517,-69.55,9.033,8.36818,1,12
11122024_S2C2,P4_TeNT,Tonic,0.3043,11.52,90,0.567239,223.689,-100.112,51.4328,-38.293,-64.94,5.094,5.76314,2,38
11252024_S1C1,P4_TeNT,Tonic,0.2918,16.64,50,0.572302,265.141,-89.9448,53.216,-40.483,-71.98,5.842,11.8229,2,23
11252024_S2C1,P4_TeNT,Tonic,0.4358,15.52,70,0.688335,168.158,-71.9558,43.5489,-40.045,-73.84,4.205,6.93742,1,32
12172024_S2C1,P4_TeNT,Tonic,0.5258,20.67,40,0.667837,236.985,-83.6877,58.0965,-48.8361,-73.21,4.478,8.3785,1,23
12122022_S1C2,P4_iMNTB,Tonic,0.2125,8.88,160,0.530047,268.049,-86.8625,47.5529,-40.5379,-75.23,5.42,6.71753,1,22
12292022_S1C1,P4_iMNTB,Tonic,0.4645,22.12,60,0.741028,161.118,-75.8664,46.6461,-43.2986,-65.06,5.491,6.06216,1,22
12292022_S1C2,P4_iMNTB,Tonic,0.2253,9.81,100,0.536739,286.259,-97.7661,55.625,-44.8316,-76.27,5.259,6.94105,1,21
02012023_S1C1,P4_iMNTB,Tonic,0.3008,11.38,180,0.552444,363.69,-87.5984,45.3322,-45.3322,-80.06,2.944,7.01604,1,18
02012023_S1C2,P4_iMNTB,Tonic,0.2253,10.68,140,0.434111,344.137,-112.626,51.4328,-42.1098,-74.1,6.496,6.61339,2,32
12272023_S1C4,P4_iMNTB,Tonic,0.309,10.43,50,0.679498,162.683,-79.7771,45.426,-42.9858,-76.36,4.215,11.7888,1,21
12272023_S2C2,P4_iMNTB,Tonic,0.2418,10.03,135,0.623606,316.762,-76.6486,44.769,-44.6752,-76.05,4.611,6.52291,2,21
12272023_S3C2,P4_iMNTB,Tonic,0.4685,15.46,50,0.642792,212.739,-86.8163,48.5232,-40.8897,-62.84,7.315,4.29391,1,20
01012024_S1C4,P4_iMNTB,Phasic,0.171,8.03,200,0.648915,211.957,-81.3413,44.6126,-44.6126,-75.87,5.179,5.32111,2,2
01162024_S1C2,P4_iMNTB,Tonic,0.183,9.67,140,0.600472,335.533,-93.0733,51.683,-36.6975,-61.47,10.662,5.86013,2,22
01212024_S1C2,P4_iMNTB,Phasic,0.161,9.02,160,0.526701,348.047,-100.112,53.1222,-50.8696,-82.1,3.098,6.82521,1,1
01212024_S2C2,P4_iMNTB,Phasic,0.126,8.19,140,0.678303,281.566,-61.7881,47.4908,-44.8316,-71.8,8.001,7.62407,1,3
04092024_S1C2,P4_iMNTB,Tonic,0.1573,9.61,150,0.673401,287.041,-77.4307,50.4004,-45.645,-74.18,4.965,5.93227,1,23
11042024_S1C2,P4_iMNTB,Phasic,0.248,10.92,100,0.727934,187.711,-66.4809,42.3288,-37.1042,-71.912,6.178,9.19118,1,3
11042024_S1C4,P4_iMNTB,Tonic,0.306,15.35,70,0.858686,197.878,-53.9669,42.6416,-39.2941,-75.34,3.23,11.7286,1,27
11122024_S1C3,P4_iMNTB,Tonic,0.219,11.58,120,0.841954,175.979,-53.1848,40.483,-39.8573,-73.24,6.435,8.40267,1,20
11122024_S2C1,P4_iMNTB,Phasic,0.1463,12.4,150,0.798204,225.253,-67.263,37.9176,-41.6405,-76.72,4.301,8.97755,0,2
11252024_S2C3,P4_iMNTB,Tonic,0.2903,9.57,90,0.583188,289.388,-100.895,54.7803,-45.864,-78.08,2.189,7.12778,0,26
12172024_S1C2,P4_iMNTB,Phasic,0.2323,13.86,100,0.568531,247.935,-97.7661,50.2439,-47.0841,-82.31,1.076,9.73133,0,1
12172024_S3C2,P4_iMNTB,Phasic,0.3105,10.1,120,0.440325,369.947,-136.872,59.5982,-45.2383,-77.44,2.922,5.58808,0,1
03032022_S1C2,P6_TeNT,Tonic,0.7025,26.01,40,0.497431,393.808,-113.801,60.966,-47.4952,-71.61,1.762,7.15803,1,44
03172022_S1C1,P6_TeNT,Tonic,0.1875,8.02,100,0.346472,381.679,-185.364,57.9088,-43.6115,-71.62,6.803,6.18239,2,44
03202022_S1C1,P6_TeNT,Tonic,0.2375,15.2,80,0.610606,294.08,-81.3413,48.711,-45.5512,-75.48,2.733,9.47108,0,24
03282022_S1C1,P6_TeNT,Tonic,0.3875,16.58,80,0.444349,320.673,-136.09,58.72222,-41.1712,-70.25,4.381,6.66937,2,40
06142022_S1C1,P6_TeNT,Tonic,0.3538,19.67,80,0.414156,443.467,-151.733,63.9155,-48.5545,-79.14,0.937,8.60776,0,36
06142022_S1C2,P6_TeNT,Tonic,0.5132,34.96,20,0.680373,187.711,-80.5592,46.6744,-39.2316,-69.27,3.738,14.8588,1,24
06142022_S2C1,P6_TeNT,Tonic,0.384,9.48,60,0.394322,504.473,-167.375,69.8284,-50.1501,-71.28,4.135,5.69054,1,37
10122022_S3C1,P6_TeNT,Tonic,0.258,11.82,60,0.335243,382.461,-195.532,60.5054,-44.8942,-66.85,8.027,6.31484,1,51
12312022_S1C1,P6_TeNT,Tonic,0.1575,8.24,120,0.465289,240.113,-113.409,47.5221,-39.7321,-75.17,5.529,7.74088,1,32
12312022_S1C3,P6_TeNT,Tonic,0.6375,17.36,20,0.41137,346.483,-165.811,59.3792,-43.7679,-71.19,4.312,7.35552,1,49
12312022_S2C1,P6_TeNT,Tonic,0.3,14.97,80,0.497783,256.538,-108.716,50.0249,-32.693,-64.9,9.063,9.86578,0,41
12292023_S1C1,P6_TeNT,Tonic,0.291,11.91,60,0.619564,201.789,-94.6375,51.4328,-42.7668,-72.52,5.959,8.63289,1,29
12292023_S1C3,P6_TeNT,Tonic,0.2449,9.58,80,0.451587,293.298,-144.694,58.8786,-42.9545,-68.79,7.165,5.82614,1,37
12292023_S2C1,P6_TeNT,Tonic,0.2583,10.997,100,0.380214,439.556,-181.454,66.0116,-47.3344,-77.8,3.303,8.09211,0,36
01182024_S1C1,P6_TeNT,Tonic,0.4833,12.65,20,0.950757,156.426,-86.8162,64.2284,-51.1199,-72.61,5.643,10.1025,1,13
01232024_S1C1,P6_TeNT,Tonic,0.2635,16.94,80,0.414213,283.802,-129.001,51.444,-37.0272,-62.09,10.147,9.7894,1,36
01192024_S1C1,P6_TeNT,Tonic,0.5075,17.75,40,1.32529,174.415,-49.2741,62.7267,-49.0551,-76.2,0.57,11.5765,1,16
01192024_S1C2,P6_TeNT,Tonic,0.3965,20.13,50,0.831079,228.381,-96.2018,66.1993,-48.8361,-76.22,2.34,9.55724,1,28
03012024_S1C1,P6_TeNT,Tonic,0.1575,11.2,120,0.452687,331.186,-113.263,52.6957,-45.0551,-73.75,6.913,6.29968,0,15
03132024_S2C1,P6_TeNT,Tonic,0.1863,8.96,80,0.402125,233.765,-111.019,40.9988,-40.1545,-70.03,8.86,6.44648,1,38
03142024_S2C1,P6_TeNT,Tonic,0.2448,18.67,60,0.418452,472.221,-157.147,63.6404,-39.185,-64.67,6.891,7.23105,2,35
03172022_S2C2,P6_iMNTB,Phasic,0.1008,6.28,240,0.296131,386.371,-264.359,63.853,-45.7076,-70.05,9.362,2.61145,0,0
03172022_S2C4,P6_iMNTB,Phasic,0.1563,8.5,220,0.355096,304.248,-181.454,50.6506,-44.5813,-71.59,7.116,2.83833,0,0
03202022_S1C3,P6_iMNTB,Phasic,0.1535,5.57,240,0.529833,222.124,-111.844,47.0528,-49.0864,-76.23,5.98,3.37059,0,0
03282022_S1C2,P6_iMNTB,Phasic,0.337,10.22,120,0.389442,306.594,-183.018,58.5345,-48.8361,-71.96,4.531,3.02447,0,2
03282022_S1C3,P6_iMNTB,Phasic,0.2375,11.46,100,0.482565,228.381,-104.805,47.0216,-41.9221,-73.86,5.614,7.70021,0,1
03282022_S1C4,P6_iMNTB,Phasic,0.1875,9.61,260,0.429276,297.209,-128.269,52.2462,-44.3623,-75.09,5.011,3.44992,0,0
03282022__Evening_S2C1,P6_iMNTB,Phasic,0.1375,6.56,200,0.452885,254.974,-146.258,59.473,-54.9054,-78.66,4.139,3.44902,2,3
03282022__Evening_S2C2,P6_iMNTB,Phasic,0.1725,5.71,140,0.542568,192.404,-106.369,51.5579,-50.2439,-75.44,5.206,4.1265,1,3
06142022_S2C2,P6_iMNTB,Phasic,0.191,7.62,240,0.326748,425.478,-215.085,60.7244,-44.7065,-73.13,6.64,3.00955,0,0
06142022_S2C3,P6_iMNTB,Phasic,0.18,14.04,160,0.398591,290.17,-165.029,51.5892,-50.5255,-71.43,3.805,2.80409,0,1
06142022_S2C4,P6_iMNTB,Phasic,0.2393,12.37,140,0.491104,257.32,-111.844,49.2741,-47.2406,-73.8,5.768,4.44253,0,1
10122022_S1C2,P6_iMNTB,Phasic,0.1588,7.61,220,0.393129,255.756,-140.001,47.3657,-45.6137,-76.08,4.16,4.37702,0,0
10122022_S2C1,P6_iMNTB,Phasic,0.223,11.35,120,0.450584,258.102,-122.012,50.2439,-47.8663,-73.09,5.723,5.48349,0,2
10122022_S3C2,P6_iMNTB,Tonic,0.2135,10.48,80,0.337799,344.137,-179.107,54.5926,-44.3623,-72.81,5.867,6.32928,0,5
10122022_S3C3,P6_iMNTB,Tonic,0.2558,10.26,100,0.241745,581.904,-363.69,71.9558,-48.6171,-73.72,4.544,4.51007,1,50
12312022_S1C2,P6_iMNTB,Phasic,0.1325,5.55,260,0.376756,258.884,-149.387,48.492,-38.7623,-68.48,8.72,3.52828,0,0
12312022_S1C4,P6_iMNTB,Tonic,0.2778,7.18,160,0.348147,347.265,-199.443,58.2842,-45.0819,-71.7,6.489,2.71581,1,19
12312022_S2C2,P6_iMNTB,Phasic,0.2083,9.58,180,0.484073,211.175,-113.409,43.3925,-37.9489,-70.49,8.275,4.82,0,1
12292023_S1C2,P6_iMNTB,Phasic,0.3403,14.57,45,0.622689,240.113,-90.7269,46.6774,-44.4562,-75.39,4.677,9.24417,0,2
03142024_S2C2,P6_iMNTB,Phasic,0.0955,5.67,230,0.42794,254.192,-141.565,50.6506,-43.893,-72.17,9.117,5.06496,0,0
08122022_S1C1,P9_TeNT,Tonic,0.168,8.23,140,0.454286,110.28,-82.1235,28.4069,-35.3522,-69.97,8.065,7.48209,1,27
08122022_S1C4,P9_TeNT,Tonic,0.291,16.49,100,0.344987,338.662,-169.722,52.7155,-37.5422,-63.73,7.589,5.57786,1,40
03232022_S1C1,P9_TeNT,Tonic,0.2975,18.77,100,0.250288,515.423,-322.237,66.0742,-46.4271,-65.88,8.582,4.05966,1,49
03232022_S1C2,P9_TeNT,Tonic,0.1375,7.09,140,0.27232,352.74,-223.689,49.5244,-40.6081,-67.21,6.658,4.89061,0,32
10142022_S1C1,P9_TeNT,Tonic,0.4025,11.43,40,0.34021,252.627,-183.8,50.1188,-44.6439,-66.95,6.127,6.00502,1,54
12172022_S1C1,P9_TeNT,Tonic,0.425,14.15,40,0.329275,314.416,-176.761,49.5869,-43.6115,-75.02,2.973,9.5258,1,48
12172022_S2C1,P9_TeNT,Tonic,0.1235,8.5,200,0.244619,581.904,-317.544,69.2966,-47.835,-68.32,9.062,3.18656,0,4
12172022_S2C4,P9_TeNT,Tonic,0.2643,15.47,60,0.265055,600.675,-259.667,64.7602,-43.3299,-69.64,4.352,6.88182,0,39
12172022_S3C1,P9_TeNT,Tonic,0.2253,13.35,120,0.312941,456.763,-204.918,59.5669,-47.8975,-74.28,4.219,5.57137,0,28
02062024_S1C1,P9_TeNT,Tonic,0.1925,9.58,160,0.380201,235.421,-150.951,45.7076,-45.7076,-75.6,4.991,4.7586,0,21
02062024_S4C1,P9_TeNT,Tonic,0.1985,10.54,100,0.289833,424.696,-219.778,55.8752,-37.8237,-64.72,7.503,6.21648,0,33
02072024_S1C1,P9_TeNT,Tonic,0.1588,7.62,140,0.236699,653.077,-355.086,72.0497,-46.302,-67.68,6.643,3.31711,0,41
02072024_S3C1,P9_TeNT,Tonic,0.197,6.8,100,0.259415,502.126,-304.248,63.853,-37.9802,-62.85,10.634,4.76654,0,34
02132024_S1C1,P9_TeNT,Tonic,0.1705,7.24,100,0.348963,344.136,-195.532,59.0663,-37.1355,-63.45,11.64,4.9902,0,41
04142024_S1C1,P9_TeNT,Tonic,0.2455,15.71,50,0.47535,303.466,-156.426,64.2909,-47.0528,-73.37,6.009,5.2416,0,20
12232024_S1C1,P9_TeNT,Tonic,0.165,10.71,110,0.266517,466.148,-333.969,68.8273,-45.5512,-71.36,7.1,6.34029,0,33
12232024_S2C3,P9_TeNT,Tonic,0.3058,17.68,70,0.332138,366.818,-205.7,58.8473,-43.7992,-69.03,3.638,7.5656,0,38
08122022_S1C2,P9_iMNTB,Phasic,0.1643,7.11,220,0.289953,375.422,-237.767,55.7188,-51.4953,-73.18,5.271,2.2091,0,0
08122022_S1C3,P9_iMNTB,Phasic,0.2175,8.34,200,0.380257,270.616,-165.029,51.2138,-48.8361,-71.24,7.55,2.47179,0,1
08122022_S2C1,P9_iMNTB,Phasic,0.1963,7.28,160,0.282267,364.472,-241.678,56.3758,-49.2428,-71.23,7.802,2.51926,0,1
08122022_S2C2,P9_iMNTB,Phasic,0.3973,11.74,120,0.284406,366.818,-255.756,58.5345,-46.9277,-72.5,7.842,3.25512,0,1
03232022_S1C3,P9_iMNTB,Phasic,0.1195,5.91,240,0.25597,437.992,-307.376,63.1021,-45.207,-67.19,8.439,2.10332,0,0
03232022_S1C4,P9_iMNTB,Phasic,0.187,5.6,220,0.349107,223.689,-143.912,39.388,-44.55,-76.1,4.694,2.98576,0,0
10142022_S1C2,P9_iMNTB,Phasic,0.1573,6.92,320,0.261252,330.84,-263.577,50.0249,-48.492,-77.3,4.208,2.46352,0,0
10142022_S1C3,P9_iMNTB,Tonic,0.355,13.41,100,0.248439,416.874,-337.097,61.663,-53.216,-74,3.135,2.73474,0,48
12172022_S2C2,P9_iMNTB,Phasic,0.2083,9.92,200,0.300471,319.89,-252.627,58.5345,-48.711,-72.58,7.41,2.87478,0,1
12172022_S2C3,P9_iMNTB,Phasic,0.2298,11.74,80,0.319512,236.203,-161.118,42.6416,-40.045,-75.91,4.75,9.32121,0,2
02062024_S2C2,P9_iMNTB,Tonic,0.2455,6.55,160,0.238625,575.646,-336.315,66.0116,-46.4271,-72.2,5.814,2.45736,0,6
02062024_S3C1,P9_iMNTB,Phasic,0.111,6.5,280,0.18994,712.519,-453.634,70.329,-49.3054,-72.22,5.744,2.38121,0,0
02072024_S2C1,P9_iMNTB,Phasic,0.2168,8.64,160,0.24219,429.388,-297.209,56.5948,-42.5478,-69.71,9.076,3.07631,0,1
02072024_S2C2,P9_iMNTB,Phasic,0.1345,6.06,160,0.214201,585.814,-402.014,66.5435,-50.6819,-71.68,7.442,2.74049,0,1
02072024_S3C2,P9_iMNTB,Phasic,0.1665,6.54,140,0.283002,387.154,-308.941,65.0731,-44.4875,-66.88,9.139,3.00879,0,2
02072024_S3C3,P9_iMNTB,Phasic,0.1698,8.97,140,0.262188,440.338,-320.673,65.6362,-53.5601,-74.27,4.442,3.05322,0,1
04142024_S1C2,P9_iMNTB,Phasic,0.208,11.49,115,0.42259,294.08,-189.275,61.5379,-48.8674,-76.42,2.557,4.20281,1,1
12232024_S1C2,P9_iMNTB,Phasic,0.2495,9.99,120,0.26314,445.813,-363.69,71.9245,-55.2808,-81.65,1.305,3.17107,0,2
12232024_S1C4,P9_iMNTB,Tonic,0.251,12.41,100,0.234791,590.507,-450.506,76.5234,-52.2149,-75.39,5.153,3.29172,0,9
06222022_S1C2,P14_TeNT,Tonic,0.3988,9.06,20,0.170451,757.882,-628.831,76.0854,-52.56,-72.47,1.515,,,75
06222022_S2C1,P14_TeNT,Tonic,0.263,14.07,60,0.212636,450.506,-358.997,57.1579,-43.4238,-62.45,11.722,,,46
01092023_S1C1,P14_TeNT,Tonic,0.3683,12.48,20,0.163206,689.055,-646.82,74.5212,-48.8361,-60.51,10.657,,,66
03152023_S1C2,P14_TeNT,Tonic,0.309,12.5,80,0.148413,845.481,-696.094,77.7436,-54.8428,-75.87,6.018,,,52
03152023_S1C3,P14_TeNT,Phasic,0.172,11.51,200,0.15855,743.804,-610.06,73.7391,-53.9043,-75.88,4.258,,,3
06092023_S1C1,P14_TeNT,Tonic,0.3168,14.58,100,0.18934,561.568,-455.199,66.1368,-56.2194,-77.34,2.967,,,34
12262024_S1C1,P14_TeNT,Tonic,0.1643,7.75,90,0.254157,441.902,-331.622,61.1624,-54.9993,-74.17,3.754,,,5
04172025_S1C1,P14_TeNT,Tonic,0.3007,8.28,50,0.255686,472.405,-277.656,59.9423,-46.959,-70.0761,6.990928312,,,54
04172025_S2C1,P14_TeNT,Tonic,0.2663,12.99,70,0.184562,764.139,-628.831,80.6531,-53.3724,-74.6779,4.804314331,,,47
04182025_S1C1,P14_TeNT,Tonic,0.5393,15.49,10,0.200896,646.82,-484.137,72.2374,-54.2171,-64.9164,2.982456396,,,61
04182025_S1C3,P14_TeNT,Phasic,0.2146,5.73,70,0.174031,677.323,-586.596,72.7066,-49.7121,-66.532,6.611722359,,,2
06222022_S1C3,P14_iMNTB,Phasic,0.1878,7.46,120,0.22333,396.539,-381.679,57.5021,-51.7456,-71.39,4.864,,,1
06222022_S1C4,P14_iMNTB,Tonic,0.2473,15.98,80,0.232001,367.6,-351.176,58.0965,-56.063,-70.61,5.693,,,11
06222022_S2C2,P14_iMNTB,Phasic,0.1948,8.47,120,0.241435,340.226,-326.93,55.3747,-51.3076,-67.39,7.428,,,2
06222022_S2C3,P14_iMNTB,Phasic,0.147,5.59,160,0.277699,307.376,-272.963,55.2808,-53.6227,-73.77,4.173,,,1
01092023_S1C2,P14_iMNTB,Tonic,0.3958,10.77,40,0.1527,603.803,-705.48,69.5468,-51.5892,-68.17,8.242,,,94
01092023_S2C2,P14_iMNTB,Tonic,0.1245,5.72,100,0.169064,588.943,-564.697,64.0094,-52.3713,-71.39,7.473,,,20
01092023_S2C3,P14_iMNTB,Tonic,0.2198,7.59,60,0.178237,624.921,-484.137,65.9803,-56.0317,-71.92,6.18,,,48
03152023_S1C1,P14_iMNTB,Phasic,0.1088,6.27,200,0.195909,546.778,-441.224,61.6865,-52.8463,-72.36,5.674,,,1
03152023_S1C4,P14_iMNTB,Phasic,0.467,9.47,160,0.188117,454.417,-401.232,55.0931,-47.0216,-76.49,3.311,,,1
06092023_S1C2,P14_iMNTB,Phasic,0.1188,7.21,260,0.235148,405.143,-316.762,54.0607,-51.8395,-74.18,3.744,,,0
12262024_S1C3,P14_iMNTB,Tonic,0.237,9.67,90,0.233998,454.417,-418.439,69.672,-56.3758,-75.66,3.509,,,34
12262024_S2C2,P14_iMNTB,Phasic,0.1738,8.27,110,0.262816,362.908,-326.148,59.8172,-52.8406,-70.75,4.986,,,1
12262024_S2C3,P14_iMNTB,Tonic,0.2768,9.99,70,0.197781,628.049,-434.863,67.0753,-54.092,-74.7,4.057,,,22
04172025_S1C2,P14_iMNTB,Phasic,0.2046,7.64,120,0.243103,387.936,-329.276,58.5345,-52.5903,-75.4683,4.107526778,,,1
04172025_S2C2,P14_iMNTB,Phasic,0.1947,6.01,130,0.291623,322.237,-256.538,58.5658,-52.6529,-73.6548,7.443952877,,,1
01102021_S1C2,P0_NonInjected,Tonic,0.6053,28.54,40,1.26093,100.319,-37.0623,40.2117,-44.4968,-74.0242,3.52518954,,1,
01102021_S2C2,P0_NonInjected,Phasic,0.6871,33.06,40,2.4211,28.4515,-8.6342,15.9839,-39.4064,-64.7404,2.737702866,,1,
04262022_S1C1,P0_NonInjected,Phasic,0.8149,33.09,40,2.04102,47.618,-18.0838,27.1087,-44.9663,-65.8531,3.264,,1,
05072022_S1C1,P0_NonInjected,Tonic,0.7959,41.29,20,1.20703,55.7935,-37.9644,28.4319,-40.07865,-76.8075,0.716,,1,
05072022_S2C1,P0_NonInjected,Phasic,0.6667,21.33,20,1.72725,45.7341,-25.2315,29.9821,-42.2021,-59.94,6.150320762,,1,
07212022_S1C1,P0_NonInjected,Tonic,0.8563,38.73,40,1.36222,69.7009,-35.351,35.8611,-46.3533,-68.4203,3.126797943,,1,
07222022_S2C1,P0_NonInjected,Phasic,0.6959,32.87,40,1.176542,28.581,-14.3752,17.6542,-39.0075,-67.8525,3.0766184,,1,
09052022_S1C1,P0_NonInjected,Phasic,0.8465,45.9,40,1.4868,67.0721,-27.1535,34.0505,-42.4207,-60.4742,1.017993543,,1,
09052022_S2C1,P0_NonInjected,Phasic,0.9881,44.98,20,1.64453,33.9931,-11.0365,14.2962,-35.2192,-59.3938,0.8716553,,1,
04032022_S1C1,P1_NonInjected,Phasic,0.4686,18.03,80,1.29,78.17,-27.58,31.35,-42.83,-71.08,4.94,,1,
04272022_S1C1,P1_NonInjected,Tonic,0.5237,20.55,60,1.1,67.02,-40.36,33.86,-41.85,-72.28,4.58,,1,
04272022_S1C3,P1_NonInjected,Phasic,0.7333,37.49,20,1.55,22.6,-16.32,17.84,-37.43,-67.07,4.25,,1,
05202022_S1C1,P1_NonInjected,Tonic,0.4839,19.81,20,1.11,88.04,-43.05,39.67,-44.49,-78.26,4.55,,1,
05202022_S2C1,P1_NonInjected,Tonic,0.7529,27.7,20,1.31,58.33,-32.47,29.03,-41.94,-66.17,4.35,,1,
08252022_S1C1,P1_NonInjected,Tonic,0.5992,23.7,60,0.885,110.61,-54.65,40.84,-46.23,-74.85,4.09,,1,
08252022_Evening_S1C2,P1_NonInjected,Tonic,0.4421,22.12,20,1.77,59.3,-23.56,29.44,-43.95,-73.81,6.06,,1,
08252022_Evening_S2C1,P1_NonInjected,Tonic,0.3823,16.36,120,1.26,55.03,-33.25,25.14,-37.11,-71.25,4.91,,1,
10052022_S1C1,P1_NonInjected,Phasic,0.6345,25.1,20,1.52,41.38,-20.41,20.2,-43.72,-78.54,3.03,,1,
11022022_S1C1,P1_NonInjected,Tonic,0.4749,19.46,20,0.917,138.66,-45.48,41.39,-37.63,-67.63,8.78,,1,
11022022_S2C1,P1_NonInjected,Tonic,0.2995,10.89,60,0.88,108.36,-52.72,38.19,-44.21,-78.59,3.61,,1,
07012022_S1C1,P2_NonInjected,Tonic,0.445,24.3,40,1.3,84.55,-30.63,34.13,-44.07,-66.45,4.74,,1,
08262022_S1C1,P2_NonInjected,Tonic,0.5425,21.74,40,0.753,170.45,-59.82,47.26,-44.8,-69.28,5.57,,1,
11032022_S1C1,P2_NonInjected,Tonic,0.2295,20.32,20,1.16,94.12,-39.8,33.94,-44.3,-72.61,5.63,,1,
11032022_S2C1,P2_NonInjected,Tonic,0.4746,10.34,100,0.896,102.05,-45.83,33.45,-45.81,-78.25,4.6,,1,
12072022_S1C1,P2_NonInjected,Tonic,0.337,12.89,60,0.714,170.77,-75.99,48.81,-49.02,-78.57,3.57,,1,
02222022_S1C4,P2_NonInjected,Tonic,0.4192,17.52,20,0.955,141.86,-46.14,44.28,-40.76,-68.12,6.59,,1,
05032022_S1C1,P2_NonInjected,Tonic,0.3796,17.66,40,1.27,62.49,-35.48,33.96,-36.73,-52.56,6.16,,1,
05092022_S1C2,P2_NonInjected,Tonic,0.3366,15.82,40,1.22,90.59,-32.41,32.35,-40.88,-71.71,4.48,,1,
05092022_Evening_S1C2,P2_NonInjected,Tonic,0.8121,35.23,20,1.14,63.47,-39.75,30.65,-39.96,-64.99,1.75,,1,
06032022_S2C1,P2_NonInjected,Tonic,0.4846,21.86,100,1.31,43.39,-20.9,21.57,-37.9,-70.17,3.88,,1,
05042022_S2C1,P3_NonInjected,Tonic,0.2649,9.62,180,0.723,142.72,-53.04,37.59,-40.88,-72.76,6.12,,1,
05242022_S1C2,P3_NonInjected,Phasic,0.1914,12.92,120,0.928,140.54,-43.02,38.03,-47.28,-72.95,6.55,,0,
05242022_S2C1,P3_NonInjected,Tonic,0.279,15.62,140,0.664,166.28,-72.93,44.75,-44.22,-72.03,3.54,,1,
06132022_S1C1,P3_NonInjected,Phasic,0.212,10.53,160,0.688,165.99,-63.02,43.58,-50.68,-80.15,3.4,,0,
08302022_S1C1,P3_NonInjected,Tonic,0.4361,15.56,40,1.08,94.08,-43.07,35.94,-50.27,-78.36,2.84,,1,
08302022_S2C1,P3_NonInjected,Tonic,0.2447,9.5,120,0.679,177.84,-62.87,44.79,-48.13,-72.68,7.29,,1,
09092022_S1C1,P3_NonInjected,Tonic,0.2502,35.29,40,0.974,134.46,-40.56,40.9,-45.88,-77.37,4.69,,1,
09092022_S2C1,P3_NonInjected,Tonic,0.3643,12.96,40,0.623,195.18,-72.82,48.43,-43.72,-74.01,4.28,,1,
11042022_S1C1,P3_NonInjected,Tonic,0.2469,13.38,120,0.652,173.31,-79.58,46.82,-45.09,-74.36,7.58,,1,
11042022_S2C1,P3_NonInjected,Tonic,0.4046,13.25,80,0.602,182.51,-93.63,48.89,-46.8,-71.84,5.55,,1,
